IL6,TNF,IL1B,CRP,IL8,APOE,APP,PSEN1,MAPT,BACE1,PPARG,ADIPOQ,LEP,INS,GLUT4,TP53,RAND1,RAND2,RAND3
0.3309151508268182,0.1778286212523592,0.681949662517561,0.5984404610391798,0.31766242595573985,-1.2277139808552147,-1.341636080275834,-0.9939625805281723,-1.045924231032434,-1.2770961821567997,0.22416926961967354,0.14840516381189536,0.46694721873633405,0.28900720969596977,0.38855677056468396,0.19328172758696874,0.6969544045107356,-0.6751782749743815,0.3764095260975166
-0.25030050921057856,-0.2581393057619392,0.2436190269228415,-0.3088709358895913,0.09227718917187092,-0.5238542684088339,-0.4993130852308312,-0.19365405390626939,-0.9494189596722539,-0.4728748051691809,0.7591929962755389,0.6681150768736916,0.3776453946746572,0.7852892028247302,0.5969356544972613,-0.011507195285693906,-0.33381948975600995,-0.14451867071551783,-0.9020515543575104
0.7971472591253449,0.6487372780443291,0.3679750233368642,0.7568408683117553,0.4096665192770368,-0.3234903611385728,-0.336965551939806,-0.29651699089005773,0.1160861664125884,-0.2908378545981712,1.0480592918361953,1.3201920741078763,0.7786148048780295,0.8563837954645951,1.0908599001383505,0.3209937348676407,1.1731246375866413,-0.7924199209999613,-0.8696630812746944
1.6451039094947184,1.5324259751609737,1.6356237037461394,1.641854442528213,1.0128831186741094,-0.8947323269626274,-0.5465868967001591,-0.8514368978405719,-0.7339219225460595,-0.6294354818766118,0.902653020136334,1.1975927141679164,0.9161328937881751,0.799121466021711,1.1598237947023082,0.2887753345512044,0.3696421921980939,-0.3079615296390403,1.1254347844147694
-0.2383336935161656,-0.3241664690191847,-0.3642818885477014,-0.1280510566062622,-0.5103562032196163,-0.24818495715247224,-0.12306589806202847,-0.005512477776690228,0.07970513708141527,-0.13861084066758755,-1.2703673992430105,-1.1784598307959278,-1.232609274627655,-1.3502278292773593,-1.1441620060961086,-0.951664086700001,-0.10730214400422888,-1.8936146669537857,-1.1894118928673278
-0.21067148028742416,-0.1095669704796808,-0.3315620337021198,0.16463590125735073,-0.07781442313767553,0.34221643212081054,0.41333816644576815,0.44234284821743447,0.14758356857168758,0.3798451265101518,-1.1175186362733303,-1.0891840576290148,-0.9065533945916118,-1.0440865079745043,-0.8829158164481677,-0.5727975686176863,0.4477169258102776,0.21329370737293857,1.6426729532559634
1.8347457946650765,1.3656887296308726,1.4607340306596177,1.2665336941359377,1.0862450226820262,1.9306126555372727,1.6142146730145464,1.8766059550950236,1.7823983740777805,1.5948926915523367,0.5206714986824854,0.23067313386029104,0.5873581719628771,0.49321615635883953,0.5928961280562535,1.3802366581778238,-1.5708761520684993,0.0012054753622242368,-0.9006207346478687
0.6491204513857428,0.7389588321486501,0.5946365752169456,0.4417603155753346,1.0032783561768455,0.0788280884991435,0.32382852603728307,0.284154391885049,-0.05705463734271296,0.02803140429510223,0.5119621515833681,0.8140526813033062,0.6380548190077238,0.7924809070240222,0.837245883290909,0.5870111689449723,-1.1267674689098053,-0.8170886310681906,0.638391925608383
-0.3600549097009445,-0.44541525959257233,-0.4597700603459867,-0.7782709971223126,-0.8154391096214537,0.5087016158374685,0.3866472269509794,0.44170589471435495,0.1018905516968716,-0.04357469489499552,0.7322267994723636,0.45051171853762073,0.46577286434463117,0.5333092491617094,0.43186569153586796,-0.2151969100418067,-1.1939250063990554,0.6592456684324051,-0.3286184757489846
0.5021215130991858,0.6454478103977145,0.3763700203037571,0.7875129015252048,0.8004673107060776,-0.253367376210068,0.35820502889492484,-0.1740483665016641,0.31729386489913014,0.28142510613251404,3.947671137230712,3.8025648873637117,3.64738241308066,3.4555149560705387,3.2340251657485735,1.6192895356400627,0.14294309476370676,0.9375701376265584,0.6031874310823431
-0.5069539334579063,-0.3210947171946843,-0.40932632765649446,-0.28620279226040446,-0.35170154545006926,-1.9561455441313134,-1.9803268622896417,-1.463415280642272,-1.7266551496158258,-2.0140421651533753,0.5658851189441382,0.8365293390629787,0.26833692147635424,0.4611481109476731,0.7295086883743132,-0.7003783428094668,1.732514999485092,-1.6075598643689741,-0.5441140021141926
-0.24597438317281883,-0.6906581719378307,-0.47577737546008425,-0.4302737123953222,-0.4152129129087968,-0.11446008710405187,0.017316190083570916,0.01565743303418474,0.020154364240633722,-0.162973804972461,1.2991189000206562,1.246811642060731,0.9492102151011774,0.7207265708250137,0.9865771869700134,0.24379927278415162,2.2313001461926323,-0.7627247785662142,-0.1627929060722942
0.40704554136364013,-0.06486056258109035,0.19417266219275217,0.27375976967339477,0.09668411346933904,0.34962578681177303,0.1101069466831775,0.4692593634719769,0.22701613088585412,-0.08826965996809516,1.232043273296665,1.045179317909524,0.686617070118525,1.0447635602082461,0.4145276603061428,0.7411755406511725,0.6380511014407572,-0.7691423497872982,0.04091917539572113
-1.7505783174576701,-1.657744880278096,-2.0947929770661173,-1.9470500296516935,-1.5464609850887139,2.502553067787601,2.778732768437981,2.0790803376188443,2.266789436581573,2.4451676188753515,0.7629533125761705,1.084391720286015,0.19340306522143225,0.5771985992857157,0.7492225490922446,0.5798189028842018,0.5008444749444569,-0.9399031011088647,-1.0021874557814727
-1.463822071082167,-1.6584550301171144,-1.8402720986266994,-1.0632756533383643,-1.4737070981210474,0.014007943112604448,-0.21142007125851295,0.1740678923300396,-0.13919386797867253,-0.2359620232570383,-0.3131987206716695,-0.44397289071637425,-0.29082038000564053,-0.32299099534083964,-0.38765526492069213,-0.7978888102260001,-1.801057734152739,0.8294748419317485,0.7408243454201259
-0.5580867609144209,-0.7119848365522834,-0.41120928407582147,-0.48021453992182994,-0.25728402345152246,0.004435267726218051,0.35735164748768034,0.3109747647927808,0.338353861746824,0.5269719694816702,0.4966019740232355,0.9445372461095148,0.635953720152486,1.3292835042178455,0.6573759497781758,-0.012162100554421768,-0.5426737997340217,-0.19382613877280352,-0.5132135664715852
-0.876440526075431,-0.7026007252299191,-0.9126476828095477,-0.8896690493800029,-0.8380609225518523,0.01869828346860846,0.08686753223806454,-0.16152419345760866,0.4501367597070409,-0.16663295297759756,-0.9858479471526463,-0.7614225895581549,-0.36966798799926126,-0.643520363556053,-0.621418374824636,-1.037152448458274,-0.7877837519082389,-0.26451484131061076,-0.22859991534001858
0.25219398127658266,0.3373822594538456,0.11873628363556366,0.4279759241154849,0.2971705849983583,-0.9907518784948446,-1.1313562129882604,-1.1485874006684431,-1.0399604325119052,-1.0193849621652091,-0.2978635476109424,-0.1831001509673575,-0.0798698509528522,-0.365863142152445,-0.17266862404279462,-0.5075804344365731,-0.620847598251116,-2.0038623644067535,-0.9943493746085122
-0.8431908050235225,-0.6721646387084456,-0.8881576144353657,-0.7210198216217472,-0.8445429066358003,1.1592796123701055,1.0535360916049148,0.9644710714246544,1.0459038861162115,0.8843275787018674,-0.6072659882609601,-0.17966986254659711,-0.627103651477161,-0.5269523477655929,-0.2900831941400942,-0.12574765071063682,-0.1681438185847896,0.6354180302092264,-2.5623336587953105
-1.4383323122088285,-1.3988000050532696,-1.2620262766609336,-1.226296526345936,-1.2118472708792112,0.9650291076998444,0.7907510312664356,0.7615729186984801,0.8718319479658837,1.12080821562651,0.04447987878923335,0.1834412906442473,0.4420490145329383,0.3041946086809045,-0.014229290060141592,-0.3902680818509684,-0.47209057769712737,-1.2392583948534726,-0.19102776260016902
1.4850479619200976,1.8777983538979515,1.1317677126972796,1.160989000940336,1.3073618073617326,0.6875742570229725,1.0057582970150014,0.8164958499458421,0.917213299989478,0.49022970747370054,2.32598855165293,2.4223177824834354,2.257959692111023,2.128993377780446,2.1626672839746393,1.4975283674609088,-1.9792998103757877,0.05993263026632825,2.412615421612916
-0.10674489539915293,0.12529186800210526,-0.11710426201054865,-0.10890499901068294,-0.5339435339448805,-0.627517966757623,-1.114690514676951,-0.9331887101029809,-0.5628548991072941,-0.7746723163657544,-1.7613266417204019,-1.6527637251297875,-1.5081011768610977,-1.9868669209219643,-1.7137753569234393,-0.985439272699254,0.7479102561175338,0.2773769379581917,0.7846042878980238
-0.09611593195877069,0.017735374992109136,-0.0649965471012455,0.43718028351413823,-0.21223811043640733,1.8625739356599493,1.4293882457654743,1.2576439613902926,1.3622050380296042,1.417326142247631,0.6721604347626953,0.6132696444659365,0.5517495458558603,0.808342560155848,0.7585336656108176,0.6738897056378964,-1.0727430257398065,1.360658595838651,-0.01926037973439464
-1.0062707310763648,-1.2304339960225856,-1.3106284524948248,-1.0131893583611156,-1.0623831394768952,-1.4744187748802127,-1.5418752257801156,-0.83321188479068,-1.4622299178033038,-1.2069431582785988,-1.5154155424244113,-1.780557804657453,-1.5949506552796928,-1.6012002598903818,-1.3122436285561794,-1.6097722228964884,0.23924686411114954,-1.308820399119112,-0.2628908292082677
-0.7455862008251231,-0.4153075346081532,-0.697034555833686,-0.171307126744785,-0.4285522282208169,0.4977565895201159,0.8258664195852388,0.8736800184403856,0.8431205490044571,0.502850994520707,-0.4590369828274094,-0.6808937045936402,-0.48502207845101775,-0.05479844262487532,-0.6071071009615149,-0.10942156444476975,2.0740826697499735,-3.0195121558208253,0.02246589281204638
-0.13191513284768036,0.3846489012163358,-0.25005383042303775,-0.0024128045473575527,0.05748753398285034,2.4811325212335187,1.8858182448532235,2.0586747971637873,1.6983318721090435,1.989255035798495,0.6938572836965917,0.6956792790921658,1.1651367433024458,1.206954656383233,1.1863624545359623,1.2184977340762855,-0.9193845915864234,0.18384954475369486,0.54711911517521
-0.9193714027222892,-1.3439782695383238,-1.4765020649989353,-1.2338151837317886,-0.9746577541958787,-0.6746218959845458,-1.102320694585006,-0.8838819969839794,-0.8111448730671991,-0.9025311247244114,-0.12358705966828809,0.4755214450835272,0.43284087779997443,-0.030969561754879124,-0.049983472027847746,-0.9104964433077455,-2.5302875227463297,1.8005111815108537,-1.1808128153088449
0.5340305571382591,0.5129083103453598,0.38531500767794835,0.31297083249117513,0.3888596566661554,-0.6708697350334256,-0.49085535458986773,-0.4856616912988425,-0.6491971720543108,-0.5503943115602479,-1.1065622890736293,-1.2983864510736427,-0.6289892511440585,-0.7245444755686461,-0.7975812927008534,-0.14059502044621464,-0.2860042218801108,1.2389463529394373,1.114321694668872
-0.475814726508374,-0.3889537925488874,-0.5486941895745086,-0.5294298384691857,-0.6184948224928566,0.015614001668469768,0.41275617093450934,0.21238982312496044,0.07486553195852577,0.2844550792396119,-0.9572426578281897,-0.7595544339771226,-0.7200841114134272,-0.6373552733210904,-0.5631628385611036,-0.42514797115389635,1.100959634998571,0.20965941527462578,0.7153813154412441
-0.1660246479404208,-0.6434416470778996,-0.47255707481415854,-0.04368607111975942,-0.4036006324047478,-0.5598325758883007,-0.5166257063307967,-0.6576866017442604,-0.3773060935615592,-0.02109300146863302,0.7995834949339168,0.6242350889568917,0.3673265549153657,0.7889886865549989,0.9724787319108861,-0.03475396040263052,1.9583474542205939,-0.49163618563204736,0.7181857257079345
-0.6041559667987798,-0.838358314762552,-0.47398812047392214,-0.8800288769494211,-0.472281569375451,-1.8195535332729882,-1.6617033364047724,-1.4470723954441884,-1.300312376248142,-1.5381087135824087,-0.4242164652483972,-0.6688852921553166,-0.6072417202116681,-0.5676870714036995,-0.6947194987026221,-0.8192693403529108,-1.2295495944524168,0.8071225966373103,0.4384757388097273
1.6728273102117714,1.4444317489569176,1.5199741720551458,1.9729604299501668,1.3787619013095906,-0.11516741449081233,0.44479438869414534,-0.2720101374500933,0.14471956867636102,-0.21088265909427042,0.46021095992143823,0.37960603208983423,-0.1653689001762522,0.02770598552142242,0.12278478550431814,0.7590764758850137,0.4966992232365217,-0.9735461997044687,0.019616657693989903
0.0016636869008113467,-0.06737859162684548,-0.026713184467397236,-0.04374908197993842,0.07017791011565054,-1.2631318670765186,-1.3519064938093537,-0.8762287178324385,-0.6120850142672429,-0.9949758262982675,0.002883265717772178,0.21766653757576285,0.10428104355327429,-0.08723959215102184,0.03667501633684774,-0.15278237273742595,-0.46531045678005334,0.47635776935621926,0.6728612359668199
-1.1931432712583228,-0.9142024777967079,-1.2999141689083917,-1.0373160500497942,-1.2395710104600834,0.32003291761435587,0.03383123931116516,0.5556723755122117,0.5074681992617558,0.9516469037152308,-0.35345512023582665,-0.7682158353196048,-0.5964128196767946,-0.38696415280506125,-0.6405602659360323,-0.3544814489351471,-0.10594835430413566,0.5054701591666269,0.591814133741378
1.0175688587867393,1.1230163225223948,0.6921776905427572,0.5378695458408366,0.9049943027528394,-0.9263612117111594,-0.8314213442231366,-0.9241191032702977,-0.8579246531838766,-1.0066052090890452,2.173677580765748,2.1105197465680434,1.7720240573393848,1.8840340548647383,2.06809861988795,0.5598674474701495,2.6443433470170348,1.0602099074988798,-0.3540407109410238
-1.2502551262714499,-1.2060246938870671,-1.2113639157077394,-1.429730619347074,-0.9431976059927603,1.5967773515248436,1.449523560147017,1.709738317173792,1.556759710073106,1.7537630137049498,0.5665018280944034,0.6904350124156712,0.23256893596331063,0.49613661766099093,0.2409258081757124,0.3933039641627298,-1.5029703283951532,2.7596600389110777,-0.573601772896901
0.04376415564625308,0.5345867041190138,0.03678092194796492,0.3526113522966628,0.2287400026168172,-0.4731531937734217,-0.9874998557623798,-0.9500810957030816,-0.45136879947096054,-0.38505286613405004,-2.1478231193657953,-2.0748808118943165,-1.659154029078175,-2.033904269728293,-2.0131133859545414,-1.0952560027938287,0.25373966149457344,0.39241596717876703,0.1018562952619867
-2.0239472922103743,-2.235690415522754,-2.036581232725741,-1.7490395180541172,-1.4691814085087063,-0.5217323243534338,-0.1803902267458049,-0.5827303406270721,-0.528935697288393,-0.4070142432508205,0.12596037747180197,0.5079234299734262,0.055675085917019765,0.2543932395588714,-0.04761624417104804,-0.6767138339500365,0.4676931717654332,-0.5089636257074988,1.5490201514951873
-1.2455997580433056,-1.6688625367694614,-1.1269274870555424,-1.4533596239567983,-0.7958632526711504,1.0103816970649866,0.8622773601239095,0.7770558593446972,0.835375165255281,0.8622324558171512,-0.7394218284766337,-0.5635914744407378,-0.8097375914905551,-0.18972069909060407,-0.3989284352491501,-0.3987977635612751,1.0857863249393471,-0.025574312191994436,-1.2391070756539009
0.08411632530832858,0.18575169608979977,0.08148286196449377,-0.08184064213051206,0.37020606349238105,-1.273662085279057,-1.343680042581301,-0.8983582242681288,-0.942926049999701,-0.8067158464935311,0.8865165792713215,0.9994088920061874,0.1671645586163849,0.5622077518137093,1.1007883424850244,-0.10214662004404386,0.09798315347089544,-1.7690759048891183,-1.46752526575244
0.5740225008821241,0.8152796697832719,0.9056050024084388,0.5974629821378438,0.25952174672976974,0.21756719267364283,-0.028600945130049488,0.5414994794352902,0.14065204177963547,0.13343759163830166,-0.7604059422227277,-0.6599444846992181,-0.6949960234465768,-0.716349980639206,-0.7262333009125979,0.03209442310116024,0.3080505395041023,-0.6947131310890582,0.16476084123651674
0.22010572348835294,0.16482933157115187,-0.054573089741553144,0.488035758128852,-0.11025235433566538,1.442106652715749,1.4816342199384571,1.0846516262803971,1.4254269864308609,1.1618552619193614,-0.11412723743621613,0.11995833003016598,0.2546296152577467,0.17803394934820777,-0.13587977754354225,0.07822172223563867,-0.3916485674217911,-0.409282438113104,0.05088770185601806
-0.06665496816649596,-0.5291367023962159,-0.009687446805183964,-0.15600172442213744,-0.22326475556914022,-1.8320276388736874,-1.4774429989694953,-1.2309987444188457,-1.4445963638203856,-1.595220758586058,0.5923749129297271,0.5411915907211985,0.7715907756225717,0.443610145623073,0.46344911091524316,-0.5157930608711959,0.26912694124510733,-0.5240883979345925,0.1733416643704082
-0.40249233066351475,-0.31892770349184646,-0.012789971457708715,-0.5716219166539811,-0.2507199312087287,0.26111580776911436,0.16479868577642764,0.15846877877893234,0.18759308620273615,-0.03308819628885348,1.1038844491273898,0.6063888045789522,0.6617877676107513,0.8783115859447574,1.0028977833330461,0.2683307659326019,-0.3431922754974105,0.152354872033722,0.24395319790850026
-1.572729651491092,-1.739415890468398,-1.9728508903928852,-1.3798184041478736,-1.1532118877184885,0.2931732358910347,0.6292101934579567,0.19936905483541725,0.1940824940818388,0.10923666169534824,-1.0103855799675114,-1.1203588167052478,-1.1647002862108815,-1.3047484360501325,-1.2537344291177557,-0.7743405893254465,0.6215718898560508,-0.8224199323822006,-0.22320225463480511
-0.6734342209231814,-0.5859096986287009,-0.879223259488804,-0.7024045015047718,-0.7570163397661954,0.8803131245789402,0.5678059185120798,0.8803725720969138,0.6911199366803267,0.4744889886826742,-0.6314808295309291,-0.4647726145993142,-0.19726122396662032,-0.21873470517373333,-0.250032303351487,-0.2963758856713072,-0.36961033604363397,1.1210306673244714,1.4898634386020821
-0.7502556392592523,-0.3873191217404178,-0.3452243455236795,-0.9539522224521231,-0.35418960242040365,-1.1791169820965184,-1.5420557450630297,-0.9827910641075899,-1.3077716429517525,-1.1311779603559902,-0.9857295381413471,-0.5806686475109075,-0.6128795085476901,-0.4696290861573799,-0.22766180097676506,-0.4710366961600017,0.37710039390218647,0.00020706491819709385,-1.6009039784765156
0.7756294713436047,0.8691462689534446,1.0165131490103172,0.9405510302934618,0.7474773058154138,-0.8293965851020975,-1.4588382270605251,-1.5036893831726987,-1.4500119960330222,-1.3688147302492626,-0.4664652503258572,-0.5360564288226932,-0.5080380523752362,-0.39738360250610516,-0.4812441830026345,-0.47878950945592436,-0.029262813684978354,-0.009300321138614417,-0.828497024780246
0.1999294453179742,0.2408449061011227,0.4178474642427232,0.2630695545698797,0.16977198553480255,0.39439356876663445,0.5128243623457981,0.7650554790003871,0.7782095903878644,0.5269434227256954,1.4920785005980126,2.013110854567824,1.6891612447214923,1.8440405689687485,1.6091705971699248,1.070896138594166,1.1260502507721681,-0.32789471651291785,-0.10325476014904739
-1.8057295857051034,-1.9748828597405244,-1.8838371927058981,-1.4474948668637768,-1.7799163514279681,0.19078528223282254,0.3456525630977244,0.5433044767393578,0.09195424278153816,-0.037953229866194316,0.36002863058241885,0.40923602630816786,0.5977207333128929,0.8864460853781924,0.5606429412686786,-0.2682523846818605,-0.05139372358848624,0.15519068385897913,-1.6431888111541673
0.3862654825143959,0.3115481499401606,0.341401926889375,0.6614667914443846,0.09082472476339487,0.12586474506092366,0.20224563877461055,0.10033102500938301,0.02215523841310993,0.29662946876109786,-1.494906559546917,-1.1991173518152525,-1.1169998555674798,-1.031477763802176,-1.6628331779580376,-0.35801450683355185,-1.7730324682068814,0.8250982646676347,-0.17585440443207118
-0.09001103702640612,-0.19405381631606888,-0.4162177274947324,-0.12126104646513342,-0.5976568594771358,0.23535278566492474,0.416859288799835,0.39096409523475995,-0.12580359836340432,0.4854381450590026,0.5574658595387721,1.2583049359818237,0.7578051439022621,0.9004136351362796,0.9524721967849323,0.6481381372337142,1.2619215007139917,-0.8671302157109003,1.6614701657280182
-0.5053900756655548,-0.8740672095730675,-0.4433655879739973,-0.663007538386329,-0.7705583508555315,-0.8075021470397944,-0.9303326064165796,-0.513216212164094,-0.7262141045269723,-1.0243698723665027,2.230448742653591,2.170306832910347,1.6706793740496786,1.9700389995969636,1.7579038787157588,0.016342458691431888,-0.9057323008626189,-0.6581164890752567,0.020886488295961788
0.5796885828481825,0.7124855919444368,0.6625604575011105,0.32920347820844703,0.7306532048363057,0.4700570033825139,0.5210066179756555,0.26116308060968463,-0.06023470517981655,0.2884847153576377,1.1842962926116762,1.5528018833872257,0.7328687058715257,0.868910128539406,0.5527675025192293,0.8092959169063397,-0.6537663386488198,-0.30372602877666466,0.23070090571868349
1.0271962809154132,0.9249479988214628,1.0985200549109915,1.4425715308963278,0.6864698163551697,0.5771733228966522,0.2766422376201675,0.1537041951997291,0.5863068085301133,0.5151604739294452,-1.6346720460993573,-1.4062680368277045,-1.3671476487602972,-1.3149299003258141,-1.2499987497940759,0.13501714022213523,-0.5956612940434921,-1.345870923473215,-1.2601647651725802
0.7307742461886368,0.7727055526637298,0.8489047258917051,0.8499957940074764,1.318064514216247,-0.828500676776263,-0.4908922517087423,-0.7772409498113414,-0.4266658299946769,-0.8991315083224996,-1.0024425312952334,-0.836386624697415,-0.34781054203040307,-0.49973328833609465,-0.15623661581837217,-0.22322583240746918,1.3744380931708173,-0.8192578597214978,-0.6163614080394775
-0.8429201504211166,-0.8606235952135501,-0.9367387680371373,-0.7525099125177854,-0.6146713145630649,1.6993033965239108,1.9343195804202975,1.674086245831992,1.504251500771841,2.0510270276207168,1.1576622595361261,1.4175794734075293,1.2849296250390116,1.1865813410137496,1.100061219850556,1.042982439049113,-2.1356742139786955,-0.47622087354465903,-0.375196380323937
-0.36694410363524227,-0.5162608403350895,-0.39572401341513874,-0.2831161556880938,-0.22586329473455757,0.5681160321890684,0.5651835647425443,0.6609954326724817,0.8674601314712348,0.5197300891120535,-0.6293086645382715,-0.6314377886422252,-0.7763082252244082,-0.3804597065914986,-0.43925091496012714,-0.2310256097725265,3.1377485336599937,0.8743891807127275,-0.31771509675623405
0.39580714347118184,0.22053357033412754,0.4101538598792233,0.33775404041677853,0.1099023606567866,-1.301748106058843,-1.0773500411562078,-0.9634531165634972,-0.8519939801400119,-1.2370015885781185,0.14803711439140266,0.7017699789627776,0.6846606162791231,0.20256716655713963,0.7174549426478725,-0.08100148669498065,1.0560568090660518,0.26256132900192497,1.2816437950037687
0.8100989384118946,0.7359695486045895,0.8913482309583066,0.8491185320253348,0.9692753339358036,0.7831399721849319,0.7460953206372927,0.5167753813532255,0.5128008988960456,0.5928755044115822,0.8113060373851679,0.9092703236833285,0.6197069062750092,0.9328927008465056,0.9524071982689192,0.8543086308160861,0.22323891412915967,0.19358991136754436,0.5576910607251245
-0.3753049349970555,-0.08622921126201205,-0.4212192664660074,-0.5459892154368082,-0.5224256674160512,-0.9340970660570616,-0.8461371182538127,-0.7228737610749204,-1.3576010127747575,-0.7850417541047914,-0.9299924414126821,-0.9546216683748378,-0.8107029691426194,-0.5800837156680825,-0.4969752138302152,-0.8204572081776744,-0.05489400061628639,0.8508979621679722,-1.111457956937032
0.12088880593669846,-0.1786062662694714,0.22942118306527068,-0.27646486724551383,-0.13340816723517226,0.48393578074300564,1.0529151097689384,0.13866761924219173,1.1508229658115061,0.7393189137255382,0.0563329438584176,-0.3043850033196732,-0.20122939560333075,-0.07778177941445383,0.09544793131937637,0.3427950783042347,0.28555407485765694,-0.13737178839939665,0.24650477843200488
-1.1280870036973998,-1.2462800756045453,-0.9321100333196897,-1.0022521306486252,-0.428367820251365,1.4680966192734164,1.197899812947698,1.2724891611810842,0.7416496161737963,1.1736591311760856,-3.217351266386242,-3.2830719915262776,-3.3047506379146814,-3.3739242592645753,-2.869641204881156,-0.904304500912123,0.5211224283793383,0.3904648499288896,0.49822174849678513
-1.1158642796608824,-1.1534106419338264,-1.261411330514239,-1.1852709158993566,-1.0359876104135002,-0.4615067837326061,-0.678881566834008,-1.0865568422721594,-1.0512801895408836,-0.9391624514994469,-1.2190014295106009,-1.19449173217615,-0.7144081686886221,-1.0537571510330903,-1.2320981631669516,-1.3634652559031932,0.645215585950057,-0.10322175293249623,1.1401490385212665
0.9505546207364205,0.7900602124560321,1.052768606826987,0.5887040836193453,0.9205016142922035,0.8408183911474445,0.9454289903868764,0.7945503280392632,1.0522850801369312,0.9201782037119917,-0.013253851060262029,-0.36867284135410483,-0.0723655122935628,0.029561891544445995,-0.27399815236590236,0.7686459819907503,0.5556044660034485,0.26536234939962844,1.5805406865683735
1.2759959341936558,1.3120461086641784,1.2746249539665127,1.24190207125212,1.012168739260022,0.33524061494930146,0.7008043700263928,0.14756885531761968,0.851197696971973,0.09701555340058243,-1.2794890965702435,-1.1300675010807275,-1.1418368797330618,-1.1400563080477895,-1.2791763510119545,-0.15875247309297763,0.08958068125524882,-0.5827586576115821,-1.0150941918278686
-0.02719162521825049,0.050823218428351205,-0.4796350286159047,-0.11580455290647151,-0.06820630144267611,0.879233238139471,0.686781699582636,0.48091784885085986,1.0002675044972549,0.7340501349251908,1.626950396029649,1.9663922048019165,1.433595977865497,1.2856338401188059,1.887034603998718,1.0006630216502619,-0.1973384203073261,-2.438817158276429,-0.8108575112103382
1.006051378048383,1.1550344399014851,0.8019156357085433,1.2039782058193595,1.2071630903353225,1.9636843406513524,2.2569810692361107,1.9392790418642565,1.7819596487459455,1.5642680157486737,-1.616794969775272,-1.3512070719960365,-1.1410351552849307,-1.4023836381898191,-1.3080029888714304,0.7154025282272963,-0.1512732836535117,-0.13427916218630415,-1.2575778589146163
0.3811712447574005,0.25553579552552863,-0.012522359157537022,-0.2047215391357317,0.1819972097329355,-0.1136792614683044,-0.2534197061317392,-0.3143895446649617,-0.09699067374946883,-0.37286305524059415,-0.5287009369352859,-0.6792210991040206,-0.6953478748036844,-0.2323164775933446,-0.3669986318034184,-0.3261254785937797,-0.194908280352681,1.42274813609994,-0.23401985910698136
-0.7997217113762176,-0.7602834027340603,-0.715422451413386,-0.36230640876011944,-0.18586207981496988,-0.35169525660421963,-1.0398911847810992,-0.6090617715755975,-0.49260471287852925,-0.4462186361668029,-0.046219965519288864,0.21966111093011947,0.007933766769640499,0.228320638970619,0.2266561889927148,-0.5048679714830911,1.1337700968670645,0.9262154022415924,0.4663583744463345
0.36629764036020246,0.30638526607808514,0.3650792813463243,0.5744730834570984,0.44873665177324695,-0.9249038751243331,-0.8638935466433655,-0.8099471024388079,-0.6309869801131074,-0.6000912511366276,1.4066840770814308,1.6805995863952456,1.412760697411886,1.2637722732162264,1.2914537165433335,0.08324388795248158,0.5935567222808619,0.9653974845911707,0.9873345165891019
1.637636224715059,1.0776523335188521,1.8733240289210258,0.9695548633377424,1.19483772631722,-0.9754697338731291,-0.9520206164604145,-0.6388210910242702,-0.6616747659757105,-0.6287178379867678,-1.0935204551509707,-1.557818732043316,-1.500057956159962,-1.3799994399362274,-0.9389071064635506,-0.2808628292840499,-2.9403886346642802,1.2361307218062179,-0.07595102364252276
0.25440268244905684,-0.338864251549662,0.029559435642880993,-0.10078095401502615,0.09602941456764538,-0.35296555501700966,0.09102700038364063,-0.054027160260642706,-0.04700928349403648,-0.28939612559549166,0.8887835235686883,1.1363603188203761,1.0706640508081406,0.9801273846522488,0.9106858670710236,0.2884718110398198,0.655900776529761,0.08865759096143744,-0.31984752325484395
1.7564978210310476,1.838018509302911,1.5208235500522334,1.3338911170334473,1.5244579973672512,0.19496596682826006,0.2106271789561657,0.05043833249726559,0.28769511225874217,0.250578126892352,-0.3124792185557612,0.013170699965426467,-0.2624135978376403,-0.1751699513718763,0.04802891535488102,0.7946083370039471,0.19473619471877485,0.1973157074055956,0.15175799224874037
-2.1891086125874333,-2.2907515613894875,-2.4538639878530466,-2.6392729326243343,-2.1024213460328434,0.27006540475525964,0.1874541126870631,0.44827508328644516,0.0926949856370815,0.4971750753794542,-0.6872745855492293,-1.138488313664399,-0.7606265299250121,-0.5700977345597471,-1.022036816572286,-0.8461259027119705,-0.018708756445897416,-0.6176518954343502,-0.835142901630023
0.668432991797614,0.7720952964639481,0.37967544257364677,0.5841489164195264,0.3845721847408489,1.1860948217395815,0.4492751028469176,0.645713607500159,0.6717862437783461,0.7893519718411229,0.42023873883289753,0.5917595610320425,0.3949017261495489,0.3560500677373084,0.1472675898501698,0.982866504716164,-0.38851845308888583,-0.31607285602704976,2.0895387216947734
0.26151119558230684,0.20235846084932452,0.1341699798598844,-0.14377280767881165,-0.07143742716252818,-0.09052036792932727,-0.07745937197190833,-0.2996146770418339,-0.32714969798651894,0.4758276485240133,0.06524514784148672,0.17487006585191373,-0.14984442803218298,0.424576027136957,0.05480931087933125,-0.012730720085811012,1.1241127199860135,0.6157711497711416,-1.6076610271180587
-0.2623389493181971,-0.23675731955716023,-0.14483431168847408,0.08134747326544384,-0.3036599750062883,1.4982916674850966,0.9687582118315254,1.2225576372484026,1.2594420625394889,1.4159149188636058,-0.39223593967957937,-0.5163103883773892,-0.28924081223671705,-0.24193414783001294,-0.5416003800810096,0.14292557509531267,0.9475264621228578,1.2038844371688162,0.18474057889572446
0.5297213631790367,0.7075369382265498,-0.203956472620466,0.2697203775114443,0.0631099742351677,-0.26794141245250647,-0.5814373979351007,0.061960808212701696,-0.4306162346795849,-0.20507446328091328,-0.05132102295735391,-0.10769635057040111,-0.08619050141829337,0.2631820769705093,-0.02373658926233517,-0.37105229568166836,-0.7728776678236091,-0.13944627568099954,2.0236062192296393
-2.149228571671923,-1.7636539323139775,-1.758818105959507,-1.5345010041419718,-1.5652991579006232,2.957847821279236,2.8722520978184782,2.6181965983533555,2.1730310031557103,2.440732340421949,-0.020111654152372926,-0.47280525692644226,-0.49727331667260755,-0.4369594356878115,-0.48141329718173775,-0.04541179492358248,0.4070522871245351,-0.4501892648514116,0.006799844559997769
-0.38761625627366714,-0.24525540613366525,-0.1519726063386291,-0.053370286245113696,-0.15118090447523436,1.1310538329397306,0.7828273794951727,0.49337018610693373,0.5865660962639012,0.6023221409002621,0.24910251951910187,0.25799361681680233,0.13887392981477437,0.18404680224595762,-0.18023305546075602,0.36614126167907235,-0.971656734541286,0.0005279588565972928,-0.19003903500149447
0.237234042422942,0.16600448339166124,0.2740549887315862,0.09559096011712592,0.036476814042964156,-0.9633313110003467,-0.7720660440592896,-0.84129334163834,-0.47589819237740877,-0.8190789191790887,0.5645483928919062,0.5875640441026933,0.8057811567190536,0.5976997925359693,0.5726751857979926,0.37714512791514987,-1.3796181647889305,0.6012067489291149,-0.3574454228104272
1.0531148998795548,1.1566047806900015,1.604450417962773,1.2252005870114098,1.3322495082314814,-1.1687803865647568,-1.264287726686955,-1.0281302584984775,-0.7587220770933163,-0.8435993628785052,2.0174784587984527,1.931409586392033,1.1766702662507769,1.2625349305462448,1.110610891563163,0.41746967989926753,-0.6267172245899651,-1.4438548161335418,-0.18039168176240783
-0.6234212226097996,-0.47757749110020276,-0.06413164671276816,-0.3685682842006991,-0.3184125364758356,0.6913045906569997,0.47293014401478933,0.849574770431035,0.11047560468936762,0.6352150853826474,-1.3589584834275168,-1.3177427359497695,-1.0645635140097642,-1.061540247588112,-0.9496446012179752,-0.5430306191163493,0.8623934723827588,-2.296180953137238,1.3728484746765302
-0.9603201352039272,-0.9597637519500483,-0.7721203518814885,-0.972069804382258,-0.5752614728730014,-0.0870844874005886,-0.22418329314396457,-0.12472941634695514,-0.39457287840081634,-0.36278365460137274,2.281452449058128,2.177970319806644,1.9415023360170667,1.7052524127052422,1.914887654030978,0.36174451075395725,0.9531250453760867,-0.5505368494915835,-2.211861911329507
-0.47167828628929503,-0.7862077855040714,-0.4521129263244693,-0.3089816531916053,-0.21033734193593165,1.0833419592392988,0.4823275562535834,0.7286087741210967,0.8164746723986841,0.39063386385316906,-1.8922292834412036,-1.7655696331478838,-1.559695264131948,-1.5388640198731638,-2.028868441468013,-0.5239158845743941,0.513085420097293,-1.2207124259141586,1.5334337012963255
0.983753312857506,0.7860875408535688,0.8235299377940253,0.7757968263002397,0.9448762309565438,0.5900232616387376,0.773917284926975,0.6319705529225588,0.21995163091705755,0.0681375399870019,0.1085631628441763,-0.4354582416221897,-0.09676472162551246,-0.23104789594205943,-0.19693054999164186,0.250364178429016,0.7250957868479971,-0.5081401976473109,-1.423957152450145
0.7039852775028617,0.11244150893680546,0.1587822357667261,0.22091183718379648,0.37127445905641915,-0.1446873308142847,0.10264354545826151,-0.01778818958588279,-0.10901607313745296,0.03459566573818579,0.900619445829947,0.23615544408842132,0.43843040182491716,0.5756005890755325,0.37317103265315643,0.366225343388614,0.5161782871149584,-0.14778031881747153,-0.2666523292344148
-0.33967543612982876,-0.19233187675252583,-0.3636930404581897,-0.33459218974963667,-0.46432931549371237,-0.7286627519299431,-0.8909865528343378,-0.8139227754257051,-0.635168052095286,-0.9997235418577073,0.28739269754818597,-0.024139395178986334,0.07894488079973447,0.3123601739481081,0.31391766436801516,-0.459955220780987,-0.6414815952229522,-0.4532484090230134,-0.42924442029866183
0.3978867019808755,0.6895953845032462,0.3420506679315827,0.5507933520992285,0.1040851314431544,-1.293106508569283,-1.5094700568869586,-1.4026324720342738,-1.526734448696288,-1.8242375653014922,-0.7733830938898305,-0.3701826991351574,-0.5245198056346417,-0.6184375577775558,-0.28611248343569956,-0.5443168913066899,0.43192254467394064,1.4524675344707454,0.5885532697707198
-0.08260538492163122,0.09548302108471692,0.11139079679191888,0.015176561249420364,0.1684395607723515,-0.2824185158275483,-0.4048383904775106,-0.41618370874313176,-0.37185805658978655,-0.33307803499546657,-0.11612782176945192,-0.3184938795357646,-0.3954941602079508,-0.0720524875300655,-0.5602632967471239,-0.07659636809134537,0.8004095252276823,0.32674476460232005,-1.5981243518837476
1.0670288248341904,1.2646338183108945,0.8731135011798659,1.10364645215245,0.8648857793855781,0.9578536005449318,0.44805182063861415,0.7633144675891568,0.4868258400210147,1.2864867942641527,-0.6285440086092541,0.018638922474817632,-1.013180909852106,-0.5436115818640428,-0.4157656160168778,0.44529873736136383,0.7542913298135743,0.30047435961082836,0.46217266608194285
-0.9660997352814809,-0.6865794323478287,-0.606257128728074,-0.8480604500095967,-0.5424293623566747,0.42742868204803475,0.16465826762608457,0.3382102784445795,0.06812896604433676,0.19575206229180897,-0.1866873074388869,-0.7022142766756893,-0.42543537770993045,-0.36206246932778363,-0.5565611927936763,-0.44638521366910033,1.188913371474643,0.6222071440434019,2.0243096232868525
0.03862960657310255,-0.49991898686342096,-0.2609297255403785,-0.17170881054913867,-0.5338625397721648,-1.0118796606228535,-1.3821356283115478,-1.1107757236793294,-1.0322937384380422,-0.9783815215247006,0.8769091632375721,0.886512357660432,0.9199407926255305,0.5039419722397827,0.8904138816388051,-0.26318823688141,0.7083038472010638,-1.1388331177807691,-1.3631740045928105
-0.15622012898790022,-0.08748333767822614,-0.1846001642805778,-0.23427708622526514,-0.5495032382439865,0.44961272405868746,-0.02714307612780112,0.30239084870917965,-0.1661995319572937,0.17569232349260044,0.2839511757026256,0.6654374764786225,-0.16198301431877654,0.35016000813747544,0.36038310815642993,0.02835682772029017,0.3514482075415829,1.0391117874202687,0.18970616761039566
-1.5573500785530596,-1.355732939395187,-1.565518227903068,-1.3790727411817048,-1.03335713524572,0.5150593572467653,0.3290973211516458,0.33064232573423663,0.4271742417534562,0.3347140587123013,-0.6559735340876726,-0.2916910176288296,-0.8047774888187567,-0.2427619318755384,-0.7670834061297461,-0.6643712605310708,1.0701502383164274,-0.07576428653545988,-0.6619821777966091
-0.046506628753599455,0.08867104619928476,0.2421452900059018,0.33173485380654205,0.24379120473355861,-0.9172810522645038,-0.5243201308312284,-0.7797446545178016,-0.7817221036423333,-0.6293335447074887,0.6301746175273114,1.3119005907605303,0.9064827438279677,0.6185696217231431,0.7368331020022695,0.0521950262321441,-0.026521259249060063,0.6704806172412126,0.42588720619303577
0.5318297470129719,0.2229875365631677,0.06530252902342784,-0.015272970315160173,0.3581971208274308,0.18306784323219247,0.28189367819892985,-0.2612875415554464,0.24577608411549412,0.08337218863215543,0.11297671317447902,0.5489727669952378,0.6788496771049899,0.14409356989274416,0.1142914022194845,0.5604227337682856,-0.8818746512277178,-1.0718572330401555,0.01914777741575206
-0.01779451240806269,-0.17001019403449058,-0.08374519537276143,0.18940751481959503,0.010010113372183991,0.2995105117476713,-0.05602707951055946,0.23565338154189622,0.0960064990454122,0.10703048378470051,1.0529449004278453,1.0176746240012526,0.7113487849249769,0.8424860980752367,0.9386487134863941,0.40424532089738807,-0.16306696394376388,-1.5537587660160643,-0.6414869090443096
0.012976129019545452,-0.5111470795680142,-0.15912703476617646,-0.24810884732623006,-0.19344783546972583,-1.3063574320280704,-1.0284537415593913,-0.9593755728679623,-0.7329857760961793,-0.9871931127649706,0.4982499861293331,0.7481342317638489,0.4021765042277158,0.6088786025384068,0.5646319990464034,-0.3084055933665514,-0.7449026448064491,0.8178896580250287,0.487872284871074
